nag__champa / same 
Bluemoonrising85 / shookones85
daelashepard / same
Fariko--Krypton / Kryp
fozzinho / fozzinho (GMT)
Hellspawn9376 / HellSpawn
shoewater / same
danny-sunderland/ Danny-1993
for_phoque_sake / same
PR3D4T0Rx786 / same
Adam_j_vine / same
akaZemmy / same
ali136070 / same
Anti-Air-Ant / same
Aquaphiliac / Aquaᴾᴴᴵᴸᴵᴬᶜ.
b2ksamos / same
BadLuckAmes / Badluckames
Baratheonstag/ Bearded$tag
BoyWonderino / same
Bradmartinn / same
Brianm0115 / SOC_mcdaddy
bulletclubstrang / BulletClub_strang
cal-fly / cal.fly
Captainslimee / CaptainSlime
CHoneysett / Choneysett
ciderlover666 / Ciderlover666
DementedGlobe82 / same
dro1904__ / dro1_
Dynamodamo / DynamoDamo
eaterofmemes / Eater of Memes
Ethel_Rosenberg / same
Exude_Ooze / Exude_Ooze / JT
Faye_Rift66 / FayeRift66
FR0STB1ITE / same
Gorilla-OG1017 / same
Gregoryy_420 / Ugly God[Greg]
Hallibut7 / same
iSpy313rd / GGCay 'iSpy
ja_chia / jachia
jayrton2011 / jayrton
jodywodie / Jody_Wodie
jonesyp / Jonesyp
julian_rg_702 / same
k_steria / same
Kalyt / same
keyshawn182 / same
Killerxbot234 / killerxbot234[BST]
lmaobound / xXlmaoboundXx
malice-uk- / same
mjen02 / Sora2sarmor
MoRcIILaSeSiNa / Morcillasesina
Mr.Tenac10usD / Mr.Tenac1ousD
MTNDEWRACING / Mtndewracing
MustacheWithAGun / same
NotCOLEON / dinogobbler772
OneUncasualBoi / Siscon
P8NDOUGH / P8ND0UGH(GMT+8)
reilly_ylt / same
Retinazer10 / Retinazer
rnugg22 / Hobert_Bobert
ShakespeareThuG2 / same
shakeys88 / Shakeys88
sonOFtheHOBOW / same
Svngrd / Sovngarde
Szayel_c00kie / same
TheFallingDingo / same
TheFifthRing / same
the__fozz / same
UrMomzHitman / UrMomzHitman(GMT-5/EST)
usedcarbomb / same
Villumsen1 / vill
WAW_laimy14 / Laimy14
w1ck3dbambi / same 
xDerp217 / same
xGrimReaper_TM / same
xxSTR8_H8xx / 🇺🇸XXSTR8_H8XX🇺🇸
xixis / same
Zemjuewz / same
